CreditScore;Gender;Age;Tenure;Balance;NumOfProducts;HasCrCard;IsActiveMember;EstimatedSalary;Exited;Geography_France;Geography_Germany;Geography_Spain
667;1;0,3125;1;0,15482419123900848;0,0;1;1;-0,3657013723347679;0;0;0;1
850;1;0,28125;7;-1,2219288428327393;0,0;1;1;-1,0107011476245482;0;1;0;0
678;1;0,203125;2;-1,2219288428327393;0,3333333333333333;1;1;-0,6975423003802754;0;1;0;0
718;1;0,265625;8;-1,2219288428327393;0,3333333333333333;1;0;-0,07058385360261396;0;1;0;0
591;1;0,171875;1;0,3180543332814967;0,0;1;1;1,696843169382913;0;0;0;1
684;1;0,1875;2;-1,2219288428327393;0,3333333333333333;1;0;-0,2681017956608796;0;1;0;0
586;0;0,15625;2;-1,2219288428327393;0,3333333333333333;1;1;-0,11851407441435363;0;0;0;1
465;0;0,515625;8;0,7124561567682989;0,0;0;0;1,4347192584702566;1;1;0;0
474;1;0,296875;3;-1,2219288428327393;0,3333333333333333;0;0;-0,7258802274813031;0;0;0;1
590;0;0,328125;3;1,224630146168821;0,6666666666666667;0;1;1,6198362676763371;1;0;0;1
545;0;0,453125;5;-1,2219288428327393;0,3333333333333333;1;1;-1,0427781019383457;0;0;0;1
729;1;0,21875;6;0,25732065713036534;0,0;1;1;-0,32997834427801526;0;1;0;0
501;1;0,34375;4;0,7647126127550895;0,0;1;1;0,02712138366336693;0;1;0;0
601;1;0,171875;9;-1,2219288428327393;0,0;1;1;-0,32172498132334726;0;1;0;0
445;1;0,6875;1;-0,20961070475211196;0,0;1;1;-0,3882829730438457;1;0;0;1
587;1;0,421875;6;-1,2219288428327393;0,0;0;0;1,041097172259783;0;0;0;1
745;1;0,109375;5;1,272470376833659;0,3333333333333333;1;0;0,8210139920882499;0;1;0;0
673;1;0,328125;1;-0,2099521996531338;0,0;1;1;-0,3671559026601824;0;1;0;0
605;0;0,15625;6;-1,2219288428327393;0,3333333333333333;0;0;1,0554355060839478;0;1;0;0
752;0;0,375;3;-0,19497994540042574;0,3333333333333333;0;1;0,7182748196283166;0;0;1;0
585;0;0,765625;5;0,5775735648753153;0,3333333333333333;0;1;-0,09973608095044514;0;1;0;0
684;1;0,59375;8;0,020701476811867917;0,0;1;1;0,009096939957562632;0;0;0;1
665;0;0,25;1;0,30391300259054443;0,3333333333333333;0;0;1,262668478299192;0;1;0;0
651;0;0,359375;4;0,8847077320698211;0,0;0;1;0,9126102368015233;0;0;1;0
616;0;0,328125;6;-1,2219288428327393;0,3333333333333333;1;1;-0,9726048468946623;0;0;0;1
804;0;0,5;4;-1,2219288428327393;0,0;1;1;-1,5723564745242093;1;1;0;0
559;1;0,484375;2;1,1000119784529232;0,0;1;0;0,37712427084755057;1;1;0;0
587;0;0,25;1;-1,2219288428327393;0,3333333333333333;1;1;-0,016416176454041136;0;0;0;1
711;0;0,3125;2;0,8150741904237736;0,3333333333333333;1;1;-1,4709085545719265;1;1;0;0
612;0;0,6875;8;1,00016142705358;0,0;1;0;1,6460446203397012;1;0;1;0
615;0;0,265625;2;0,3164562697640933;0,3333333333333333;1;1;0,7126492199326792;0;1;0;0
649;1;0,234375;2;-1,2219288428327393;0,3333333333333333;1;0;-1,6861268216828225;0;1;0;0
488;1;0,21875;3;0,5864371179212096;0,0;1;0;-0,10979803295263062;0;0;1;0
502;0;0,375;8;1,2987992705779552;0,6666666666666667;1;0;0,26207677086491094;1;1;0;0
753;1;0,265625;3;-1,2219288428327393;0,3333333333333333;1;1;1,4964466289532514;0;1;0;0
752;0;0,1875;3;-1,2219288428327393;0,3333333333333333;1;1;0,10645299246614988;0;1;0;0
705;1;0,40625;3;0,450574563545266;0,0;1;0;-0,28568514556048474;0;0;1;0
439;0;0,21875;3;0,971052736396527;0,0;1;0;-0,4036650315964914;0;0;0;1
750;1;0,0625;3;0,6991863248538798;0,0;1;0;0,5181649727656683;1;0;0;1
799;0;0,15625;3;1,0239748153619161;0,0;1;0;-0,9370753848649396;0;0;0;1
664;1;0,578125;8;-1,2219288428327393;0,3333333333333333;1;1;0,7012570237051685;0;1;0;0
608;1;0,234375;9;0,19849875248014678;0,0;1;0;-0,5239250627656485;0;1;0;0
720;0;0,390625;6;0,9540398803889844;0,3333333333333333;1;0;1,2825840203122367;0;1;0;0
725;1;0,359375;7;0,5775931420217448;0,0;1;1;0,31034085825924324;0;1;0;0
522;1;0,25;9;0,7742499985506652;0,0;1;0;1,3120149339993437;1;0;0;1
569;1;0,25;0;1,1753126303496322;0,0;1;0;0,059602528907706794;1;0;0;1
497;1;0,140625;9;-0,033672468593556784;0,0;1;1;1,1479802591437012;0;0;0;1
608;0;0,359375;1;0,10123143712820055;0,0;0;1;0,23789859857317366;0;0;0;1
582;1;0,359375;6;-0,11124975316374484;0,3333333333333333;0;1;1,3786058249816306;0;0;1;0
732;0;0,796875;9;0,948188839690015;0,0;0;1;0,2098673831085008;1;0;0;1
671;0;0,25;6;-0,6335618625708407;0,3333333333333333;0;0;1,0103269626986047;0;0;1;0
745;1;0,28125;8;-0,1605574804097193;0,0;1;0;0,5555247826139328;0;1;0;0
711;0;0,109375;7;-1,2219288428327393;0,6666666666666667;1;1;-1,5526445946079492;0;1;0;0
627;1;0,234375;5;-1,2219288428327393;0,3333333333333333;1;1;0,0846339931639226;0;1;0;0
474;1;0,421875;10;-1,2219288428327393;0,3333333333333333;0;0;1,2759368027994789;0;1;0;0
793;1;0,53125;2;-1,2219288428327393;0,0;1;0;1,0487390267135916;1;0;0;1
729;1;0,203125;8;1,3810550195041216;0,3333333333333333;1;1;-1,5545922657198525;0;0;0;1
621;0;0,34375;6;-1,2219288428327393;0,0;1;0;0,9796580619753146;0;1;0;0
594;0;0,484375;2;0,7770863165797259;0,3333333333333333;0;1;0,4236690671906481;0;0;0;1
762;0;0,125;7;0,7311987483910038;0,3333333333333333;1;1;1,2320479690826593;0;0;0;1
485;1;0,171875;7;1,6534454354741812;0,0;1;0;0,3125038541692002;1;1;0;0
694;0;0,296875;3;-1,2219288428327393;0,3333333333333333;1;1;0,83791220180585;0;0;0;1
692;1;0,1875;2;-1,2219288428327393;0,3333333333333333;0;1;0,5502499343072027;0;1;0;0
574;1;0,234375;3;0,8279036944237451;0,0;1;0;1,6407098918951128;0;0;1;0
585;1;0,28125;5;1,0839269844580044;0,3333333333333333;0;0;-0,21673804078154751;0;0;1;0
660;1;0,203125;9;0,7545695984619086;0,3333333333333333;1;1;0,7136645712237445;0;0;1;0
529;1;0,703125;4;0,29583853484992423;0,6666666666666667;1;0;0,17158447915831276;1;0;0;1
712;1;0,15625;4;1,0768929473219768;0,0;0;1;-0,0868997986076113;0;0;1;0
643;0;0,421875;2;1,1595825510738518;0,0;0;1;-1,680748401626018;1;0;1;0
776;0;0,203125;2;-1,2219288428327393;0,3333333333333333;1;1;0,2345378258358855;0;1;0;0
646;1;0,328125;9;0,5396103203445175;0,0;1;1;-1,1843255221160711;0;0;1;0
484;0;0,265625;7;0,8915853099146268;0,0;1;1;-1,2461623827348591;0;0;0;1
694;1;0,609375;8;0,6146296297014108;0,0;1;1;0,32775483788519716;0;0;0;1
593;0;0,171875;2;1,1820410113930204;0,0;1;0;-1,1292161253575779;0;1;0;0
611;1;0,484375;3;-1,2219288428327393;0,3333333333333333;1;1;0,7666360381765005;0;1;0;0
376;0;0,4375;6;-1,2219288428327393;0,0;1;0;1,0175782036949899;1;1;0;0
720;1;0,65625;9;0,6082283764596482;0,3333333333333333;0;0;1,0213797220981404;1;0;1;0
472;1;0,34375;4;-1,2219288428327393;0,0;1;0;-0,4999562968862466;0;0;0;1
634;1;0,296875;3;0,5373741050056021;0,3333333333333333;1;1;1,186405378421302;0;0;1;0
636;1;0,25;2;-0,5887421961437977;0,3333333333333333;0;1;-0,7896449152128202;0;0;1;0
631;0;0,234375;4;0,723892683647736;0,0;0;0;0,24042244194179338;0;0;1;0
694;0;0,1875;9;-1,2219288428327393;0,3333333333333333;1;1;-1,2518334147443946;0;1;0;0
516;0;0,4375;1;0,43498799738323;0,0;1;0;0,29441343786965113;1;1;0;0
572;1;0,125;4;0,6455889922168907;0,3333333333333333;0;0;-0,6692729569255155;0;0;1;0
450;0;0,4375;5;1,5823349244342084;0,0;1;0;-0,7772006388887553;0;0;0;1
850;0;0,203125;1;0,49616152780816924;0,0;1;1;0,5796110458568643;0;0;1;0
484;0;0,171875;4;0,832319919745698;0,0;1;0;1,1339301855180628;0;1;0;0
750;0;0,3125;7;0,3135732191919433;0,3333333333333333;0;1;1,4100951184076111;0;0;0;1
662;0;0,21875;4;0,8928824537457853;0,0;1;1;-0,8729632530777106;1;1;0;0
659;0;0,21875;3;1,1608583810762363;0,3333333333333333;0;1;1,3190471947241433;0;0;1;0
528;1;0,203125;6;0,3887133069118886;0,3333333333333333;0;0;-0,3254178799415463;0;1;0;0
582;1;0,21875;1;0,18223598536523208;0,0;1;1;-1,5461126115465347;0;0;1;0
675;0;0,046875;8;0,3311902827751729;0,0;1;0;-1,4042720572055736;0;1;0;0
710;0;0,359375;2;1,2420610689807585;0,0;1;1;-1,547342417284813;0;1;0;0
712;0;0,171875;7;1,1020532117286108;0,0;1;1;-0,24271226906869267;0;0;1;0
484;0;0,25;4;1,118638054478331;0,0;0;1;-1,1338493510243515;0;0;1;0
557;0;0,21875;6;1,6939041346538701;0,3333333333333333;1;0;-1,4607849817302008;0;1;0;0
687;0;0,703125;1;0,952328932519186;0,0;1;1;-1,0607316990856959;0;0;0;1
692;0;0,15625;8;0,2788649910154533;0,3333333333333333;1;0;-0,9479091639928896;0;1;0;0
850;0;0,40625;5;0,8084946904213763;0,0;0;1;1,2571424467397605;0;0;1;0
577;0;0,296875;4;-1,2219288428327393;0,0;1;1;-0,33063528509277296;0;1;0;0
714;0;0,28125;1;0,3822763727419565;0,3333333333333333;1;1;-1,713338340725478;0;0;1;0
785;1;0,15625;8;-1,2219288428327393;0,3333333333333333;1;0;-0,3767659685057409;0;1;0;0
636;0;0,21875;8;-1,2219288428327393;0,3333333333333333;1;0;0,6907052382496894;0;0;0;1
512;1;0,28125;1;-1,2219288428327393;0,0;0;1;0,6372099941608435;1;0;0;1
640;0;0,890625;1;0,45646270609432316;0,3333333333333333;0;1;0,2533245228082039;0;0;1;0
739;1;0,421875;7;0,3995580987524769;0,0;0;1;0,8516762781451487;1;0;1;0
703;1;0,375;9;-0,2236996192123015;0,0;0;1;0,6691355074283136;0;0;1;0
657;0;0,296875;0;1,3611048021311085;0,0;0;1;-0,9516800460464385;0;0;0;1
698;1;0,40625;10;0,6152185228964229;0,3333333333333333;1;0;1,726487144955887;0;0;1;0
778;0;0,421875;1;1,3381054442017226;0,3333333333333333;1;0;1,31693676800498;0;0;1;0
648;1;0,4375;9;0,7864495605002082;0,3333333333333333;1;0;-0,37372531080775856;1;0;0;1
629;0;0,484375;4;-1,2219288428327393;0,3333333333333333;1;1;1,696483018204923;0;1;0;0
524;1;0,203125;8;0,48031398565381306;0,0;1;0;1,7554912385905865;1;0;1;0
511;1;0,625;0;1,1323384257339828;0,0;1;1;1,1092404210020084;0;1;0;0
678;0;0,21875;9;-1,2219288428327393;0,0;1;1;0,8587731189023474;0;1;0;0
776;0;0,296875;2;0,4163818142646781;0,3333333333333333;1;0;1,657554662071078;0;0;1;0
718;1;0,28125;9;-1,2219288428327393;0,0;1;0;-0,9219781051074563;0;1;0;0
651;1;0,28125;7;-1,2219288428327393;0,3333333333333333;1;0;-1,479203868437129;0;1;0;0
657;0;0,296875;6;0,2912835328206214;0,0;1;0;0,40632280086012074;0;1;0;0
669;1;0,1875;7;0,2799676264240232;0,0;0;0;-1,3764859325377155;0;1;0;0
773;1;0,109375;1;0,7441973420992484;0,3333333333333333;0;1;-1,5170596041945732;0;1;0;0
751;0;0,28125;6;1,4593738674354282;0,3333333333333333;1;1;-1,237941744971811;0;0;1;0
601;0;0,375;9;0,8879216995687127;0,0;0;1;0,07728683950486352;0;0;1;0
655;1;0,359375;8;0,7604462157554066;0,0;0;0;1,1343314172557457;1;0;1;0
724;1;0,328125;2;0,797241778229821;0,3333333333333333;0;1;1,7540997216660577;0;0;1;0
625;1;0,59375;0;1,1227066275709492;0,0;1;0;-0,9060644362611514;1;0;1;0
668;1;0,375;3;1,153553737254887;0,0;1;0;0,16124941106223334;0;1;0;0
695;1;0,4375;4;-1,2219288428327393;0,3333333333333333;1;1;0,6729807174436806;0;1;0;0
745;0;0,203125;3;0,7409775330324706;0,0;1;1;0,7237099865599517;0;0;0;1
571;0;0,75;9;0,5396513691999337;0,0;0;1;1,5735271623409721;0;0;1;0
790;0;0,4375;9;-1,2219288428327393;0,0;0;0;-1,4656002847929035;1;0;0;1
828;1;0,25;8;0,8215674878297965;0,3333333333333333;0;0;-1,0573716226290806;0;1;0;0
476;0;0,328125;10;-1,2219288428327393;0,3333333333333333;1;0;-1,2640066638165843;0;1;0;0
717;0;0,0625;6;0,3736125381656846;0,0;0;1;-0,2467653188648813;0;0;0;1
758;0;0,25;3;-1,2219288428327393;0,3333333333333333;1;1;0,44127487214194994;0;1;0;0
637;0;0,328125;9;0,954352009570362;0,0;1;1;0,3263300735585436;1;0;1;0
703;1;0,15625;2;0,0596453153464785;0,3333333333333333;0;1;1,112942023128617;0;1;0;0
745;0;0,15625;1;0,5316681562225084;0,0;1;0;-0,44561611620099495;1;0;1;0
635;0;0,34375;10;0,727853582434993;0,0;1;0;0,5757801095952892;1;1;0;0
486;0;0,34375;9;-0,09560998136988079;0,0;1;0;-0,3948529034019262;0;0;1;0
524;0;0,203125;10;-0,1603583934609497;0,3333333333333333;1;1;1,0955188177837487;0;0;1;0
629;0;0,296875;6;0,8163252332326952;0,0;1;1;-1,3038626398767257;0;1;0;0
705;1;0,109375;0;0,31810248674650415;0,0;0;1;-0,6786753570604206;0;1;0;0
714;0;0,578125;9;1,6211025686509548;0,0;1;1;0,02179274767466545;0;0;1;0
656;1;0,5;7;-1,2219288428327393;0,3333333333333333;0;1;-0,4653299108891052;0;1;0;0
727;1;0,34375;1;0,24717243279015083;0,3333333333333333;1;0;-0,4701713244770367;1;0;1;0
571;0;0,265625;8;-1,2219288428327393;0,3333333333333333;0;0;-0,24903571606861286;0;1;0;0
636;1;0,484375;6;0,5715862735524062;0,3333333333333333;1;0;1,044618263621976;1;0;1;0
549;0;0,09375;9;-1,2219288428327393;0,3333333333333333;1;1;-1,47035936319128;0;0;0;1
687;0;0,25;7;0,5366701171352106;0,3333333333333333;1;0;0,8649372916983719;0;0;1;0
501;0;0,328125;9;0,6300322654151385;0,0;0;0;1,4473967888196995;0;1;0;0
543;1;0,0625;8;-1,2219288428327393;0,3333333333333333;0;0;0,49978090009237874;0;1;0;0
605;0;0,515625;3;0,9282225185352617;0,0;1;1;-0,5529368154877485;1;1;0;0
535;1;0,34375;7;0,5424851611455841;0,0;1;0;-1,5796421814138966;1;0;1;0
659;1;0,21875;3;0,4767692591083932;0,3333333333333333;1;1;0,061639672086060825;0;0;0;1
563;0;0,328125;5;-1,2219288428327393;0,3333333333333333;1;1;-1,4147021676134857;0;1;0;0
772;1;0,125;7;1,1841736573121162;0,3333333333333333;1;0;-0,3387711506839111;0;0;1;0
599;0;0,296875;2;-1,2219288428327393;0,3333333333333333;1;1;0,7809402542476997;0;0;0;1
578;0;0,1875;4;1,4535422460026752;0,0;1;0;0,23171092630444326;0;1;0;0
715;0;0,359375;8;-0,33440759286928434;0,3333333333333333;0;0;-0,10258212820038864;1;1;0;0
645;0;0,46875;7;0,2086607123989044;0,0;1;1;0,8749353599488308;0;1;0;0
461;0;0,25;5;-0,21680135905957437;0,0;0;1;1,1994917995958283;0;0;1;0
731;1;0,390625;2;-1,2219288428327393;0,0;1;1;1,2386692501403567;1;1;0;0
655;1;0,296875;5;0,2486779785026541;0,3333333333333333;1;0;-0,568541509785512;0;1;0;0
585;1;0,375;2;-1,2219288428327393;0,3333333333333333;1;1;-1,3963558681666939;0;1;0;0
763;0;0,203125;4;-1,2219288428327393;0,3333333333333333;0;0;-0,8437361755575569;0;1;0;0
416;0;0,359375;10;0,7072041135979827;0,3333333333333333;1;0;-0,009994205738923838;0;0;1;0
527;1;0,296875;5;0,25776761601376474;0,3333333333333333;1;1;0,7000749131929748;0;0;0;1
762;1;0,328125;2;0,061213065862959;0,0;1;1;-1,3952783738255838;0;0;0;1
759;1;0,375;4;0,44244720593324355;0,0;0;1;0,3922375650605074;0;1;0;0
668;1;0,296875;10;1,1929798998406405;0,3333333333333333;1;1;1,0567774130105418;0;0;1;0
475;1;0,328125;6;-1,2219288428327393;0,0;1;1;-0,7289337663717318;1;1;0;0
519;0;0,453125;6;1,2614640735350284;0,3333333333333333;0;0;0,8425461237532962;1;0;0;1
800;0;0,3125;2;1,4334636720163791;0,3333333333333333;1;0;-0,536548283222615;0;1;0;0
510;1;0,3125;4;-1,2219288428327393;0,0;1;0;0,3487978323776235;1;0;0;1
490;0;0,265625;7;0,4792151393703584;0,0;1;1;-1,652594118552433;0;1;0;0
672;0;0,59375;2;2,089881918428236;0,3333333333333333;1;1;0,9020083191376054;1;0;0;1
696;1;0,15625;8;-1,2219288428327393;0,0;0;0;1,354922360107896;0;0;0;1
545;0;0,125;1;-1,2219288428327393;0,3333333333333333;1;1;1,753979787320173;0;1;0;0
656;0;0,34375;10;1,4285404933300339;0,0;0;1;0,9227703643785692;0;0;0;1
490;1;0,203125;3;1,0714427644841702;0,0;0;1;0,26443019953887026;0;0;0;1
543;0;0,28125;3;-1,2219288428327393;0,3333333333333333;0;0;-1,2682085436065773;0;1;0;0
800;0;0,484375;7;0,4832936589164047;0,0;0;0;-0,9008244019880597;0;1;0;0
805;0;0,328125;5;1,3873910682178572;0,0;1;0;-1,4755215880991897;1;0;0;1
553;0;0,46875;3;-1,2219288428327393;0,0;0;1;-1,1861978208451471;1;0;0;1
550;0;0,4375;7;-1,2219288428327393;0,3333333333333333;1;0;0,5520564345127019;0;1;0;0
844;1;0,0;2;1,319627301936027;0,0;0;0;0,8191832961293716;0;1;0;0
538;1;0,328125;7;0,4840473790539353;0,3333333333333333;1;0;-1,2471169835372253;0;0;1;0
795;1;0,265625;8;-1,2219288428327393;0,3333333333333333;1;0;1,1885441785778803;0;0;0;1
560;0;0,75;9;-1,2219288428327393;0,0;1;1;-1,4438644910310718;0;1;0;0
725;1;0,40625;5;-1,2219288428327393;0,0;1;1;0,3216883184535287;0;1;0;0
608;1;0,640625;1;-1,2219288428327393;0,0;1;0;-0,4913325126136655;1;1;0;0
769;1;0,171875;8;-1,2219288428327393;0,3333333333333333;1;1;1,2779335616988123;0;1;0;0
745;1;0,4375;2;0,7076861218886993;0,0;1;1;0,3333155094080992;0;1;0;0
668;1;0,21875;7;-1,2219288428327393;0,3333333333333333;1;1;-1,7076002917011883;0;1;0;0
735;1;0,25;5;-1,2219288428327393;0,3333333333333333;0;0;-0,48357298672615895;0;0;0;1
497;1;0,453125;6;-1,2219288428327393;0,0;1;1;-0,15354169214917826;0;1;0;0
557;1;0,234375;3;-0,36142563374393677;0,0;1;1;-1,7146731107751763;0;1;0;0
593;0;0,359375;6;-1,2219288428327393;0,0;1;0;-0,5867052096258701;0;1;0;0
551;1;0,203125;9;0,07732774133794827;0,3333333333333333;1;1;-0,12725413755928727;0;0;1;0
621;1;0,546875;9;1,4697999609507693;0,0;1;0;-1,1016498513121467;1;0;0;1
668;1;0,453125;7;0,4650877021381628;0,0;0;1;1,0284633335225566;1;0;1;0
512;1;0,34375;5;-1,2219288428327393;0,3333333333333333;1;1;0,8282619257514389;0;1;0;0
667;0;0,328125;2;-1,2219288428327393;0,3333333333333333;1;0;-1,0122966747861986;1;0;0;1
703;1;0,296875;8;0,4509964194747759;0,3333333333333333;0;1;-0,43024850547230925;0;1;0;0
512;0;0,28125;3;0,10943978728956368;0,3333333333333333;1;0;-1,41345669556007;0;1;0;0
572;0;0,015625;1;0,967192091544614;0,0;1;1;-1,439802911796642;0;0;1;0
535;0;0,546875;5;1,013916266982765;0,3333333333333333;1;1;-0,4001369774275707;0;0;1;0
582;1;0,328125;5;-1,2219288428327393;0,3333333333333333;1;1;0,5399164328426369;0;1;0;0
597;0;0,375;4;-0,19981044840165796;0,0;1;1;0,13865318845902744;0;1;0;0
754;1;0,15625;8;-1,2219288428327393;0,3333333333333333;1;1;-0,8052510020719293;0;1;0;0
438;0;0,28125;4;-1,2219288428327393;0,3333333333333333;1;0;-0,599763257362981;0;1;0;0
708;0;0,359375;5;-1,2219288428327393;0,0;0;1;1,0118391102496909;0;0;0;1
646;0;0,859375;6;0,313602269151161;0,0;0;1;0,1017248985577117;0;1;0;0
569;1;0,3125;7;-1,2219288428327393;0,0;1;1;0,16699320440207346;0;1;0;0
648;0;0,484375;10;-1,2219288428327393;0,3333333333333333;1;1;1,0611321264082079;1;0;0;1
803;1;0,203125;9;1,2586986437216676;0,3333333333333333;1;0;0,7384887179096432;0;1;0;0
828;0;0,359375;7;-1,2219288428327393;0,3333333333333333;1;0;1,2620611474823689;0;1;0;0
735;1;0,390625;10;0,722839780506305;0,3333333333333333;1;1;1,7023631084864574;0;0;1;0
605;0;0,71875;2;0,8234993101177779;0,0;1;1;-1,484365397064366;0;1;0;0
543;0;0,359375;4;-1,2219288428327393;0,0;0;0;1,6715331928575894;0;0;0;1
751;1;0,5;2;0,30774712356665;0,0;1;0;-0,377201492066558;1;0;1;0
811;0;0,25;1;1,1351783750079456;0,3333333333333333;1;1;1,5224870039043095;0;0;1;0
683;1;0,171875;0;0,8889752342309962;0,0;1;0;-0,7536057757306304;1;0;0;1
534;0;0,25;7;0,697130092957944;0,3333333333333333;1;1;-0,4995249510094662;0;1;0;0
692;1;0,5625;5;-1,2219288428327393;0,3333333333333333;1;1;-0,17674942325324364;0;1;0;0
758;0;0,453125;9;0,28619284322813443;0,0;1;0;-0,445293738249503;0;0;1;0
691;1;0,1875;7;0,6241311766886036;0,0;1;0;-1,3521312530954313;0;0;1;0
742;1;0,234375;0;1,646068008874574;0,0;1;1;0,15304513589499572;0;0;1;0
586;0;0,3125;2;-1,2219288428327393;0,3333333333333333;1;0;-0,20378913503989327;0;1;0;0
623;0;0,40625;6;-1,2219288428327393;0,3333333333333333;0;0;1,1886672461867922;0;1;0;0
833;1;0,296875;8;1,1656333102424432;0,3333333333333333;1;1;0,648476337656751;0;1;0;0
477;0;0,46875;2;0,816630573564908;0,0;0;1;-1,2602674625336463;0;0;0;1
767;1;0,328125;3;0,6681222877570877;0,3333333333333333;0;1;0,892277100454985;0;0;1;0
716;0;0,328125;10;0,5984506969796733;0,0;1;0;-0,9634498004687584;1;0;1;0
649;1;0,453125;1;-1,2219288428327393;0,3333333333333333;1;1;0,8132226113599641;0;1;0;0
838;0;0,328125;5;1,410469839894453;0,3333333333333333;1;0;-1,472569532116817;0;0;0;1
745;1;0,28125;8;1,0684589863360365;0,0;0;0;-1,6153241289109557;0;0;1;0
761;1;0,28125;8;0,48695253285592477;0,3333333333333333;0;0;0,009891744345528567;0;0;1;0
665;0;0,375;2;1,246869468752151;0,3333333333333333;0;1;1,0078520330472474;1;0;0;1
671;1;0,421875;6;0,3499931846392974;0,0;1;1;0,17401258393442648;1;0;1;0
547;1;0,21875;8;1,2366899841297352;0,0;1;0;-0,541110488260766;0;0;1;0
756;1;0,140625;1;0,86049538046288;0,0;1;0;-0,09701745306361849;0;0;1;0
545;0;0,296875;8;0,5898110180760119;0,0;1;0;0,6471003129771914;1;0;1;0
744;1;0,28125;2;1,2063389340754835;0,0;1;1;-0,20300808219521466;0;0;0;1
622;0;0,625;7;0,6240421322483927;0,0;1;0;0,37494456420144706;1;0;1;0
739;1;0,3125;0;0,8047232478898872;0,0;1;0;-1,4983843121298979;0;0;0;1
616;1;0,421875;3;1,0378013329078672;0,3333333333333333;0;1;-0,6013862876112056;0;0;1;0
615;1;0,671875;9;-1,2219288428327393;0,3333333333333333;1;0;0,8938867273002589;1;0;0;1
739;1;0,5625;8;0,7739634459638162;0,0;1;0;0,6187322717370664;1;0;1;0
584;1;0,203125;5;-1,2219288428327393;0,3333333333333333;1;0;-1,1732588371030797;0;1;0;0
822;1;0,5;7;-1,2219288428327393;0,3333333333333333;1;1;-1,5459686555174394;0;1;0;0
688;1;0,125;8;1,0852282331747047;0,0;1;1;1,33026166530993;0;0;1;0
792;1;0,28125;5;0,23278180924265057;0,0;0;1;-0,5467037109051199;0;0;0;1
443;1;0,28125;6;-0,10985203963681621;0,3333333333333333;0;1;-0,7300211827124289;0;0;0;1
659;1;0,203125;7;1,1402887996270752;0,3333333333333333;1;1;0,09848458237681258;0;0;0;1
598;1;0,328125;3;0,22325815902561796;0,0;1;0;1,611768289450794;1;0;1;0
622;0;0,4375;4;0,46854622608720814;0,3333333333333333;1;1;-1,1817827050991185;1;0;0;1
614;1;0,5;4;0,9426794517722807;0,0;1;0;0,49245724590602574;1;1;0;0
635;1;0,171875;7;0,4422228581503717;0,0;1;1;0,8873771992905412;0;1;0;0
769;0;0,109375;10;-1,2219288428327393;0,3333333333333333;0;0;1,5500947066497708;0;1;0;0
620;0;0,359375;9;-1,2219288428327393;0,3333333333333333;0;0;-0,17447554464614803;0;1;0;0
629;1;0,265625;7;1,2543795147307963;0,3333333333333333;1;0;-1,1671660330760143;0;0;1;0
788;0;0,234375;5;-1,2219288428327393;0,3333333333333333;0;0;0,31510933644670214;0;1;0;0
808;1;0,421875;7;0,6509496569738472;0,3333333333333333;1;0;0,8400052215081937;0;1;0;0
520;1;0,625;3;-1,2219288428327393;0,3333333333333333;0;1;-1,1503555547231827;0;1;0;0
850;1;0,203125;6;-0,1484029143209213;0,3333333333333333;0;0;-0,8485204941303212;1;1;0;0
816;0;0,3125;5;0,8443876517172689;0,6666666666666667;1;0;-0,4694670365765307;1;0;1;0
669;1;0,4375;3;-1,2219288428327393;0,3333333333333333;0;1;-1,573385577358562;0;1;0;0
483;0;0,5;9;-1,2219288428327393;0,3333333333333333;1;1;0,2113992005885927;0;1;0;0
479;0;0,328125;7;1,0509835413039934;0,3333333333333333;1;0;-0,9921262940469201;0;0;1;0
722;1;0,296875;2;-1,2219288428327393;0,0;0;0;0,3834952390033874;0;1;0;0
567;1;0,375;2;-1,2219288428327393;0,3333333333333333;1;1;1,2029789472752237;0;1;0;0
725;1;0,4375;6;-1,2219288428327393;0,3333333333333333;1;0;1,0947555200962256;0;1;0;0
622;0;0,21875;6;1,4476578925787333;0,3333333333333333;1;0;0,037985451000582385;0;1;0;0
850;0;0,265625;1;2,121568477205439;0,0;1;0;1,5613808941448524;1;1;0;0
543;0;0,609375;1;0,4537853734398946;0,3333333333333333;1;1;0,3791520142368223;1;0;1;0
661;0;0,359375;1;-1,2219288428327393;0,3333333333333333;0;1;0,5644211607699028;0;1;0;0
521;1;0,109375;7;-1,2219288428327393;0,3333333333333333;1;1;1,027064679721132;0;1;0;0
643;1;0,421875;5;-1,2219288428327393;0,0;1;0;0,7596029071008602;1;1;0;0
779;0;0,125;4;1,5302095090243242;0,3333333333333333;0;1;-1,054509212783327;0;0;0;1
601;1;0,21875;8;0,24656064696423322;0,0;1;0;-0,20746271186942292;0;1;0;0
540;0;0,375;9;0,15591403835031406;0,3333333333333333;1;0;1,2828428626523392;0;0;1;0
559;0;0,203125;3;0,784266550793121;0,0;0;1;1,0803842870102722;0;1;0;0
690;1;0,328125;7;0,38186746298992397;0,3333333333333333;1;0;0,43342413348631054;0;1;0;0
767;1;0,390625;1;-0,015584290454317192;0,3333333333333333;1;0;-0,36621104978723484;0;1;0;0
616;1;0,1875;5;-1,2219288428327393;0,3333333333333333;0;1;1,6925321475974633;0;0;0;1
545;0;0,65625;7;0,8144270394301127;0,0;0;1;1,3585907148323795;1;0;1;0
709;1;0,078125;10;-1,2219288428327393;0,3333333333333333;0;0;0,5346464585006161;0;0;0;1
721;1;0,296875;3;0,4787669174452539;0,0;1;1;1,0394663088539895;0;0;1;0
589;1;0,25;6;-1,2219288428327393;0,3333333333333333;1;1;1,3755226941626095;0;1;0;0
611;0;0,296875;4;-1,2219288428327393;0,3333333333333333;1;0;0,46686492756789444;0;0;0;1
702;0;0,125;4;0,9129206103975175;0,0;0;1;-0,6811039840470391;0;0;0;1
544;1;0,71875;9;0,5752129399284456;0,0;1;1;0,44328242339171137;0;1;0;0
675;0;0,3125;6;-0,14730454167810603;0,0;0;0;0,6945615887558211;1;1;0;0
589;0;0,5;5;1,0656772948607225;0,3333333333333333;1;1;-1,1129094060714948;0;0;1;0
539;0;0,390625;3;0,6129628882912914;0,6666666666666667;1;0;-0,7497515140665174;1;0;1;0
510;0;0,1875;0;-1,2219288428327393;0,3333333333333333;1;1;0,5514144637324088;0;1;0;0
510;1;0,734375;2;-1,2219288428327393;0,3333333333333333;1;1;-0,884348660568662;0;1;0;0
628;0;0,0625;3;-1,2219288428327393;0,0;1;0;-0,2341152916020131;0;0;0;1
525;0;0,609375;2;1,082574898312673;0,0;1;1;-0,5992782978743973;0;0;0;1
683;1;0,234375;8;-1,2219288428327393;0,0;0;0;-0,4405945399889846;0;1;0;0
546;1;0,09375;8;1,2461395885268052;0,0;1;1;0,4613775395858017;0;1;0;0
811;0;0,15625;4;1,4263352225128942;0,3333333333333333;1;1;-1,548742985858088;0;0;1;0
637;0;0,25;9;-1,2219288428327393;0,3333333333333333;0;0;-1,2675559545460244;0;0;0;1
598;1;0,546875;10;1,426874225560554;0,0;1;1;0,6616598899851284;0;0;1;0
671;1;0,421875;2;0,4575511322837105;0,0;0;1;1,0337829178625122;0;1;0;0
752;1;0,328125;2;0,019859659515405192;0,0;1;0;-1,5871223246814543;0;1;0;0
601;1;0,40625;1;0,36454910876995505;0,3333333333333333;1;1;-0,6300857584515687;0;1;0;0
814;1;0,171875;8;0,3108733096670356;0,3333333333333333;1;1;1,7128569285759283;0;0;1;0
666;0;0,25;9;0,6078573579587692;0,0;1;1;-1,284302375076961;0;1;0;0
456;1;0,21875;9;1,106902976115846;0,0;1;1;0,6357643414140064;0;0;0;1
700;1;0,3125;8;0,9064748349356494;0,0;1;0;-1,6985072142551607;0;1;0;0
733;1;0,0625;5;-1,2219288428327393;0,3333333333333333;1;1;0,31900850821420884;0;1;0;0
735;0;0,046875;1;1,5996777500872141;0,3333333333333333;1;0;-1,3314236918171114;0;1;0;0
647;0;0,40625;5;-1,2219288428327393;0,6666666666666667;1;1;1,3112612101710714;1;0;0;1
653;0;0,390625;6;-1,2219288428327393;0,3333333333333333;1;1;-1,593528280941098;0;1;0;0
619;0;0,375;2;-1,2219288428327393;0,0;1;1;0,043049674403800024;1;1;0;0
701;0;0,328125;9;-1,2219288428327393;0,3333333333333333;0;1;0,8184629937733919;0;1;0;0
486;1;0,296875;9;0,5971352390437908;0,3333333333333333;1;0;0,8028041636533204;0;0;1;0
605;1;0,53125;7;-1,2219288428327393;0,3333333333333333;1;1;1,3068621088805166;0;1;0;0
572;0;0,46875;3;1,1909227206634256;0,0;1;0;-1,0524973097793608;1;0;1;0
479;1;0,265625;9;0,24373459114902676;0,0;1;0;0,009993401323752787;1;0;1;0
540;1;0,46875;0;1,1165373003622898;0,0;0;0;0,31502734939748345;0;1;0;0
660;0;0,234375;1;-1,2219288428327393;0,3333333333333333;0;0;0,33002227589606975;0;0;0;1
547;0;0,328125;6;-0,04420323669020976;0,6666666666666667;1;1;-0,22854086853582398;1;0;1;0
663;1;0,40625;2;0,6257211883151369;0,3333333333333333;0;1;0,7973183423027413;0;0;1;0
528;1;0,28125;7;-1,2219288428327393;0,3333333333333333;1;0;-0,6673710662678469;0;0;0;1
568;1;0,15625;5;1,0690020942692386;0,3333333333333333;1;0;1,5076800731873707;0;1;0;0
798;1;0,296875;8;-1,2219288428327393;0,6666666666666667;0;0;0,20727443388310873;0;1;0;0
730;0;0,234375;9;-1,2219288428327393;0,3333333333333333;0;0;1,3525402098561845;0;0;0;1
584;0;0,46875;2;2,1432279057659063;0,0;1;0;-0,41279884146187584;1;0;0;1
771;0;0,28125;5;0,007119673596283957;0,0;0;0;0,016192562223583937;0;0;1;0
638;0;0,46875;10;0,9620759832378117;0,0;1;1;-0,8911803924597037;0;1;0;0
459;0;0,375;6;0,8247394591919928;0,3333333333333333;1;1;1,3717993332649765;1;0;0;1
806;1;0,109375;7;-1,2219288428327393;0,3333333333333333;1;0;-1,3997653805510757;0;0;0;1
566;1;0,28125;1;1,0218791134126957;0,0;1;0;-0,33524849269020435;0;1;0;0
801;1;0,375;4;1,019143996600258;0,0;1;1;-1,5366473720809122;0;0;0;1
421;1;0,15625;8;0,710275831024835;0,6666666666666667;1;1;-0,17160495350248936;1;0;1;0
571;1;0,40625;9;-1,2219288428327393;0,3333333333333333;0;0;-1,0521220144967383;0;1;0;0
819;0;0,328125;9;0,8795028950832342;0,0;1;0;-1,250333800245418;1;1;0;0
678;0;0,265625;4;-1,2219288428327393;0,0;1;0;0,4637675229950815;0;1;0;0
438;0;0,5625;2;-1,2219288428327393;0,0;0;0;1,6168910004305244;1;0;0;1
679;0;0,265625;8;0,6597306386682691;0,0;0;0;0,3887740909239859;0;0;0;1
699;0;0,328125;1;-1,2219288428327393;0,3333333333333333;0;0;-0,08789025786462518;0;1;0;0
637;1;0,328125;2;0,8851894246001115;0,0;0;1;-0,09940134401701149;0;1;0;0
706;1;0,15625;3;-1,2219288428327393;0,3333333333333333;0;1;1,439001732748123;0;0;0;1
657;1;0,109375;2;1,4899882616851974;0,0;1;0;-1,325200683304238;0;0;1;0
531;0;0,703125;1;0,5892052316981936;0,0;0;1;-1,2945390935280119;1;1;0;0
686;0;0,59375;5;0,540678695746836;0,0;1;1;-0,3189294144221797;0;0;1;0
607;1;0,28125;8;1,276709934197108;0,0;1;1;-0,38523535253913554;0;0;0;1
618;0;0,265625;10;-1,2219288428327393;0,3333333333333333;1;0;1,4197857787410424;0;1;0;0
594;0;0,171875;3;0,8436214590429004;0,0;1;0;-0,6584591958669076;0;0;1;0
841;0;0,28125;5;1,2413389248858564;0,0;0;0;0,4140645715904716;0;1;0;0
717;1;0,265625;7;-0,2988131830564393;0,3333333333333333;1;1;1,2808715179975618;0;0;1;0
743;0;0,25;1;0,857935826447454;0,0;1;1;0,16828149771686457;0;0;1;0
718;0;0,109375;7;-1,2219288428327393;0,3333333333333333;1;0;-1,1923047245558362;0;1;0;0
648;1;0,125;9;1,3503163735266115;0,0;1;0;-0,008834376208258707;0;1;0;0
684;0;0,25;6;-1,2219288428327393;0,3333333333333333;1;1;0,5579377432854139;0;1;0;0
789;1;0,234375;8;1,1716545458111776;0,0;1;0;-1,6447256247396382;0;0;1;0
539;1;0,328125;3;-1,2219288428327393;0,3333333333333333;1;0;-1,0824307640420388;0;1;0;0
603;1;0,125;4;0,5015921334995467;0,0;1;1;-0,10505288016770967;0;0;1;0
600;0;0,390625;5;0,8940142969937862;0,0;1;0;1,6691426872378048;0;1;0;0
628;0;0,234375;3;-1,2219288428327393;0,0;1;1;1,5547510836489138;0;0;0;1
725;0;0,328125;5;0,6221720411237491;0,0;1;0;0,4382601508990281;0;0;1;0
721;1;0,15625;9;1,2169342751793109;0,3333333333333333;0;1;0,04221518201748628;1;0;1;0
583;0;0,140625;1;0,7579929151234238;0,0;1;1;0,20729427788228263;0;1;0;0
622;1;0,125;9;-1,2219288428327393;0,3333333333333333;1;1;0,946277322101757;0;1;0;0
770;1;0,09375;9;0,3857191086696881;0,0;1;0;1,1903021132064542;0;1;0;0
682;0;0,125;0;0,5250791834073227;0,0;0;1;0,22635130582580357;0;1;0;0
611;0;0,484375;2;0,18186891386968151;0,6666666666666667;0;0;1,0889701239861873;1;1;0;0
742;0;0,046875;1;0,5825232674374682;0,0;1;0;-1,1724558514172088;0;0;1;0
756;1;0,40625;10;0,9481676837414542;0,0;1;0;1,5782618709158016;0;0;1;0
376;0;0,171875;4;0,5944315403937679;1,0;1;0;0,35634116311623537;1;0;1;0
632;0;0,3125;6;0,14483637319534404;0,3333333333333333;1;0;-0,013661864182734773;0;0;1;0
732;0;0,171875;1;1,2146967967986904;0,0;1;1;0,6902195824804331;0;0;1;0
574;1;0,28125;1;-1,2219288428327393;0,3333333333333333;0;1;-0,4728901264340317;0;0;0;1
511;0;0,359375;8;1,2077789594995336;0,0;1;1;-1,0407366070057869;0;0;1;0
693;0;0,359375;9;1,642988871077704;0,6666666666666667;1;1;1,5501587644716652;1;0;1;0
759;0;0,3125;1;0,4214666622892787;0,0;0;0;-0,12731227699546344;0;1;0;0
737;1;0,359375;1;0,3878294934787308;0,0;1;1;0,4294575965637135;0;1;0;0
758;0;0,234375;7;-1,2219288428327393;0,3333333333333333;0;0;-0,27641103513953735;0;1;0;0
546;0;0,140625;8;-1,2219288428327393;0,3333333333333333;1;1;-1,4624967877642034;0;1;0;0
674;1;0,453125;6;0,46584126439548007;0,0;1;1;-1,6849393149954148;1;0;1;0
654;0;0,21875;1;0,5859708976518071;0,0;1;1;0,47464534187558405;0;0;1;0
733;1;0,875;3;0,46021425571895636;0,0;1;1;0,6216710983866561;0;0;1;0
850;1;0,328125;4;0,7953279542861376;0,3333333333333333;0;1;0,9201833335388959;0;1;0;0
652;0;0,375;4;-1,2219288428327393;0,3333333333333333;1;1;-1,0570193046086593;0;0;0;1
725;1;0,015625;0;-0,023804323751452746;0,0;0;0;-0,9271326709279656;0;0;1;0
538;0;0,484375;9;1,0110347952127468;0,0;0;0;1,3038463432165857;1;0;0;1
607;0;0,234375;2;0,48999583184441187;0,3333333333333333;0;1;0,18130507956067318;1;0;0;1
788;1;0,25;6;1,2485589449129628;0,0;0;1;1,432963064543365;0;0;0;1
621;1;0,4375;6;1,0054194696719954;0,0;0;0;-1,1191834171436486;1;0;1;0
459;1;0,46875;4;0,8935794948867984;0,0;1;1;-1,385401806552523;1;0;1;0
667;1;0,375;9;-1,2219288428327393;0,3333333333333333;0;1;-0,7091329365995255;0;1;0;0
734;1;0,25;6;0,8873255438838958;0,0;1;1;-1,4929740372323141;0;1;0;0
706;0;0,171875;5;0,5552437769298558;0,0;1;0;-0,9842167196744319;0;1;0;0
720;1;0,53125;7;-1,2219288428327393;0,0;1;1;-1,4638367799189478;0;1;0;0
708;0;0,375;8;1,81553678753929;0,3333333333333333;1;0;-1,706799742997672;0;0;1;0
667;1;0,203125;1;0,6610562009377928;0,0;1;1;-1,2292509436844758;0;1;0;0
593;0;0,3125;4;0,17904396321596716;0,3333333333333333;1;0;-0,5545131949308976;0;0;0;1
583;1;0,09375;9;0,91143195786782;0,0;0;0;-0,1579488006674701;0;1;0;0
701;1;0,328125;2;-1,2219288428327393;0,3333333333333333;1;1;-0,2845844998870051;0;1;0;0
704;0;0,09375;7;0,5626578317389115;0,0;1;0;1,107568825176858;1;0;1;0
659;1;0,203125;4;0,6464612803944894;0,0;0;0;1,0913926585169191;0;1;0;0
742;1;0,265625;5;0,9387723901377045;0,0;0;0;-0,2500724779903659;0;0;1;0
642;1;0,25;8;-1,2219288428327393;0,0;1;0;-0,4663454362503388;0;0;0;1
592;1;0,296875;9;-1,2219288428327393;0,6666666666666667;1;1;-1,5356273208953055;0;0;0;1
806;1;0,34375;5;0,05080560221276835;0,0;1;1;0,7652626245494637;0;1;0;0
714;1;0,046875;6;0,1421959845107904;0,3333333333333333;0;0;-1,2453879445565716;0;0;1;0
733;1;0,234375;3;-1,2219288428327393;0,0;1;1;-1,5876770863074834;0;1;0;0
750;1;0,34375;5;1,4349869003127542;0,6666666666666667;1;0;-1,3651238504493015;1;0;1;0
553;1;0,453125;3;0,6178200730485442;0,0;0;0;0,8151433015957974;1;0;0;1
745;1;0,265625;9;0,23951350577051506;0,3333333333333333;1;0;1,0904453686616167;0;1;0;0
669;1;0,078125;1;-1,2219288428327393;0,3333333333333333;0;0;-0,5707226089929611;0;1;0;0
435;1;0,21875;2;-0,3217422842909784;0,3333333333333333;1;1;-1,6183068212429301;0;0;1;0
850;0;0,234375;10;-1,2219288428327393;0,0;1;0;-1,6365039425555812;1;1;0;0
482;1;0,578125;5;0,31453376240868713;0,0;0;1;-0,3561409164871443;0;1;0;0
611;0;0,359375;2;0,5811711812921371;0,0;1;0;1,134691046223231;0;0;1;0
475;0;0,21875;8;0,6572132386697513;0,0;1;0;0,033778871316048086;0;1;0;0
670;1;0,109375;6;-1,2219288428327393;0,3333333333333333;1;1;-0,357136597849204;0;0;0;1
625;0;0,515625;7;0,9298990485185957;0,0;1;0;-1,044565454425344;1;1;0;0
850;0;0,390625;2;0,7596386584651955;0,0;1;1;-0,34451372553257376;0;0;0;1
771;0;0,765625;8;-1,2219288428327393;0,3333333333333333;1;1;-0,8295480642885418;0;0;0;1
631;1;0,140625;10;0,8963439774188804;0,0;1;1;1,3552104462362538;0;0;0;1
692;1;0,15625;9;0,6559787732832095;0,0;0;0;-1,4415013144276938;1;0;0;1
751;0;0,1875;6;-1,2219288428327393;0,3333333333333333;1;0;-1,446691216492346;0;1;0;0
646;0;0,421875;3;-0,47776440520255864;0,0;1;1;-0,724816310613312;0;1;0;0
701;1;0,390625;2;-1,2219288428327393;0,3333333333333333;1;1;1,1563138684459058;0;1;0;0
586;0;0,609375;3;-1,2219288428327393;0,3333333333333333;0;1;-1,6156835838082728;0;0;0;1
654;1;0,171875;1;-1,2219288428327393;0,0;1;0;1,4181441229848213;0;1;0;0
728;0;0,265625;8;0,7655454308794031;0,3333333333333333;1;0;-0,7749036089492902;1;0;1;0
721;1;0,515625;0;1,4511746743264275;0,0;1;0;0,17759668869750533;1;0;0;1
599;1;0,625;4;-1,2219288428327393;0,0;0;0;1,3495902427158304;1;1;0;0
782;1;0,328125;8;-1,2219288428327393;0,3333333333333333;1;1;-1,130169507668767;0;1;0;0
588;1;0,25;10;-1,2219288428327393;0,3333333333333333;1;0;-0,3446040679498656;0;0;0;1
611;0;0,328125;8;0,3696983719215171;0,3333333333333333;1;0;0,8439358999761432;0;1;0;0
548;0;0,234375;0;0,3739931873595652;0,0;1;0;-0,9769846263965479;0;0;1;0
602;1;0,171875;5;0,4185615084872892;0,0;1;0;1,0853985522752185;0;0;0;1
656;0;0,328125;6;-1,2219288428327393;0,3333333333333333;1;0;0,7344737894802887;0;1;0;0
687;0;0,84375;9;-1,2219288428327393;0,0;0;1;-0,5056104440894679;0;1;0;0
749;0;0,40625;0;-0,09312021040866264;0,3333333333333333;0;0;0,9087862633466753;0;0;1;0
549;0;0,109375;5;-1,2219288428327393;0,3333333333333333;0;0;1,6011327762444152;0;1;0;0
601;0;0,5625;1;0,8469329965135125;0,3333333333333333;1;1;1,754379104286006;0;0;1;0
509;0;0,109375;3;0,49484022830440055;0,3333333333333333;1;0;0,14003617594531517;0;0;0;1
630;1;0,21875;4;0,07322569764014403;0,0;0;0;0,8259749918817294;0;0;0;1
706;0;0,40625;4;0,8242932897096592;0,0;0;0;-0,5049822248524618;0;1;0;0
721;0;0,28125;2;-1,2219288428327393;0,3333333333333333;1;1;0,14103237951787942;0;0;0;1
520;0;0,3125;4;-1,2219288428327393;0,3333333333333333;1;0;-0,7395741535428203;0;1;0;0
684;0;0,3125;3;-1,2219288428327393;0,3333333333333333;1;0;-0,9507731404701568;0;0;0;1
661;0;0,15625;7;0,28357724173704363;0,0;0;0;0,05955622624296759;0;0;0;1
589;1;0,21875;2;-1,2219288428327393;0,3333333333333333;0;1;-1,5563112086307511;0;1;0;0
501;1;0,609375;10;-1,2219288428327393;0,3333333333333333;1;1;-0,8882551432832327;0;1;0;0
580;1;0,171875;9;-0,24764310081626512;0,3333333333333333;1;0;0,5083204344035548;0;0;0;1
744;0;0,390625;10;1,1120482922620794;0,0;0;1;-1,2992884239969695;0;1;0;0
842;0;0,40625;2;0,5566245972739785;0,3333333333333333;1;0;0,48337931256463085;0;0;0;1
679;0;0,390625;4;-1,2219288428327393;0,6666666666666667;1;0;0,28305118171106924;1;1;0;0
615;0;0,359375;9;0,49917435591552034;0,0;1;0;1,699346124331349;0;0;0;1
785;0;0,28125;2;0,35382383225071395;0,0;0;1;-1,0774810788094917;0;0;1;0
653;1;0,625;1;0,8716082529053802;0,0;1;0;-1,6323967569370847;1;0;1;0
647;0;0,515625;1;0,6685567741036491;0,3333333333333333;0;0;-0,7645379045036091;1;0;1;0
544;1;0,296875;3;0,11210701561035129;0,0;0;0;-0,3290564686672692;0;1;0;0
650;0;0,109375;3;0,14540063707710657;0,6666666666666667;1;0;-1,4313171651674372;1;0;0;1
749;1;0,09375;1;-1,2219288428327393;0,6666666666666667;1;1;-0,8871438793294933;0;1;0;0
626;0;0,296875;6;0,48743027838088643;0,0;1;0;-1,6236885486329304;0;0;0;1
542;1;0,328125;3;0,9109818413801577;0,0;1;1;-1,4712815869423623;1;1;0;0
684;0;0,34375;6;0,9461872343478257;0,0;1;0;1,5335728366358021;0;0;1;0
502;0;0,21875;1;1,514779875794149;0,0;0;1;0,4158221580787089;0;0;1;0
850;1;0,3125;1;-1,2219288428327393;0,3333333333333333;1;1;-0,3284548821659967;0;1;0;0
730;1;0,25;5;0,7113675726986983;0,3333333333333333;1;0;0,6964063843983228;0;1;0;0
730;1;0,375;4;-1,2219288428327393;0,3333333333333333;0;1;-0,22443368291732757;0;0;0;1
464;0;0,375;3;0,13077698233501173;0,0;1;1;1,1354419849288122;0;0;1;0
493;0;0,4375;4;-1,2219288428327393;0,3333333333333333;1;0;-1,6879253146605848;0;1;0;0
640;1;0,40625;3;0,9433774401945727;0,0;1;0;-0,1130541895188353;0;1;0;0
600;1;0,28125;4;-1,2219288428327393;0,3333333333333333;1;0;0,7791311429896772;0;0;0;1
503;1;0,171875;3;-1,2219288428327393;0,3333333333333333;1;1;0,7846949477756066;0;1;0;0
756;0;0,65625;3;0,6082957913106591;0,0;1;0;-0,09315483603143201;1;0;1;0
642;1;0,125;0;-1,2219288428327393;0,0;0;0;-0,8947742451522012;0;1;0;0
652;0;0,46875;8;0,8825708233849707;0,0;1;0;-0,3674862878394115;0;1;0;0
657;1;0,203125;3;0,7542107367374413;0,0;0;0;-0,0009637935534456261;0;0;0;1
591;1;0,09375;6;1,104593977998673;0,0;1;1;-1,2805461149175403;0;1;0;0
545;0;0,21875;4;-1,2219288428327393;0,0;1;0;-0,07200513652590394;0;0;0;1
649;1;0,359375;0;-1,2219288428327393;0,3333333333333333;0;1;0,5516503288103094;0;1;0;0
644;0;0,328125;9;0,2848999621627307;0,0;1;0;0,17207344226076476;1;1;0;0
543;1;0,28125;4;-1,2219288428327393;0,3333333333333333;1;1;0,7369215641854083;0;1;0;0
648;0;0,5;9;0,39690492177065895;0,0;1;1;1,5782495119338602;0;1;0;0
738;1;0,625;2;0,8896470145379068;1,0;1;0;-1,2272277261195772;1;0;1;0
696;1;0,21875;8;0,37520302343285733;0,0;1;1;0,2966293511107387;0;0;1;0
698;1;0,46875;4;0,376422648079364;0,3333333333333333;0;1;1,3741118554494107;1;1;0;0
840;0;0,390625;7;-1,2219288428327393;0,3333333333333333;1;0;-0,13867836269774556;0;1;0;0
670;1;0,296875;4;1,4708430755189854;0,3333333333333333;1;0;1,7298592322541075;0;1;0;0
764;0;0,09375;7;0,4552961291994315;0,0;0;0;0,29244870788126515;0;1;0;0
416;1;0,21875;0;-1,2219288428327393;0,3333333333333333;0;1;-1,7058334794940369;0;1;0;0
681;1;0,3125;3;-1,2219288428327393;0,3333333333333333;1;1;0,2370174553817845;0;1;0;0
591;0;0,328125;3;-1,2219288428327393;0,6666666666666667;1;0;0,7240208758803434;1;0;0;1
668;0;0,296875;6;1,4283178822295064;0,0;1;0;0,2917856746106206;0;0;1;0
779;1;0,296875;7;0,6740944225795356;0,3333333333333333;1;0;0,6449293098394974;0;0;1;0
681;1;0,734375;7;0,9049497120767171;0,3333333333333333;0;1;1,5935088510179303;0;0;0;1
635;1;0,390625;5;0,025210377818933843;0,3333333333333333;0;0;0,9467598446079859;0;0;1;0
754;0;0,578125;3;1,3295544939778454;0,0;1;0;-1,5804684925023051;1;0;1;0
628;1;0,140625;5;0,29098182373331083;0,3333333333333333;1;0;0,9943097221022253;0;0;1;0
568;0;0,21875;7;1,4525556525507632;0,0;1;0;-0,6430071611066485;0;0;0;1
492;0;0,1875;10;-0,003585078495249158;0,3333333333333333;0;1;0,8324812125582515;0;0;1;0
531;1;0,140625;8;0,8711878178977882;0,0;0;0;-1,595402494442024;0;0;0;1
722;0;0,265625;2;1,3664207867877467;0,3333333333333333;1;1;-1,4588399216708203;0;1;0;0
675;0;0,609375;8;-1,2219288428327393;0,3333333333333333;0;1;-0,059400889717270415;0;1;0;0
698;1;0,28125;2;0,07703613658427863;0,3333333333333333;1;1;-0,09794054716554204;0;1;0;0
479;1;0,34375;1;-1,2219288428327393;0,3333333333333333;0;0;0,28061280679503203;0;1;0;0
579;0;0,265625;1;0,822467720805121;0,3333333333333333;0;1;-1,5715912620648362;1;0;0;1
590;0;0,40625;3;0,9794323865891472;0,0;1;0;-0,6380184841564265;0;0;0;1
732;1;0,5;6;1,0726825977979588;0,0;0;0;-0,12079874537187708;1;0;1;0
693;0;0,1875;6;0,7988155281944007;0,0;1;1;-0,8428226553148839;0;1;0;0
565;1;0,28125;6;0,45463429534594857;0,0;1;0;0,8825328265097502;0;1;0;0
773;1;0,109375;2;0,9237158278511796;0,0;1;0;-0,4389941388626249;0;1;0;0
696;0;0,203125;8;-1,2219288428327393;0,3333333333333333;0;0;1,6048982621227499;0;1;0;0
468;0;0,375;5;-1,2219288428327393;0,3333333333333333;1;0;0,4600601765529225;0;1;0;0
712;0;0,171875;2;-1,2219288428327393;0,0;1;1;0,7920060689098499;0;1;0;0
498;1;0,109375;8;0,6995164523795554;0,0;1;1;0,5802582387422031;0;0;1;0
722;0;0,171875;9;-1,2219288428327393;0,3333333333333333;1;1;0,7512400540103994;0;0;0;1
635;0;0,15625;3;0,06674739885436934;0,3333333333333333;1;1;1,0081378562634187;0;0;1;0
776;0;0,21875;4;0,5056142898095021;0,3333333333333333;1;1;0,48115956977984325;0;0;1;0
630;0;0,25;9;0,4663955818238147;0,3333333333333333;1;0;0,6858234403827378;0;0;1;0
555;1;0,234375;1;-0,33646256172351485;0,3333333333333333;0;0;1,3912100717902642;0;0;0;1
694;1;0,328125;0;0,46806421779649166;0,0;1;1;0,05933080537515866;0;0;0;1
516;1;0,5;5;-1,2219288428327393;0,0;0;1;0,8228326772055223;1;0;0;1
762;0;0,515625;3;0,3456161136102033;0,0;0;1;-0,2314633325896039;0;1;0;0
727;1;0,3125;2;-0,23869839734081708;0,0;1;1;-0,6892302757789267;0;0;0;1
605;1;0,53125;1;-0,22176163959600767;0,0;1;0;0,17427351511654676;0;1;0;0
687;1;0,265625;8;-1,2219288428327393;0,3333333333333333;1;0;-1,5412470022052245;0;1;0;0
519;1;0,28125;9;-1,2219288428327393;0,3333333333333333;0;1;0,8126751606809992;0;1;0;0
616;0;0,75;1;0,9227540215927308;0,0;1;0;1,4789828652591948;1;1;0;0
587;1;0,34375;5;0,9606372208554665;0,3333333333333333;1;0;1,0538615636231536;0;0;1;0
526;1;0,28125;1;-1,2219288428327393;0,0;1;0;1,0761185234685526;0;1;0;0
721;0;0,28125;3;-0,19171198286864038;0,3333333333333333;1;0;-1,2208929645587245;0;0;1;0
723;1;0,109375;3;-1,2219288428327393;0,3333333333333333;1;1;0,6202766222692682;0;1;0;0
633;0;0,1875;6;-1,2219288428327393;0,3333333333333333;0;0;-0,9962639419448501;0;1;0;0
818;0;0,203125;1;1,7272162281055627;0,0;0;0;1,3817145441153762;0;1;0;0
640;0;0,21875;6;0,6549408687620272;0,3333333333333333;1;1;-1,3881059866153898;0;0;0;1
514;1;0,1875;7;-1,2219288428327393;0,0;0;1;0,45492336588956894;0;0;0;1
508;1;0,484375;7;0,7113374175779887;0,3333333333333333;1;1;-0,4015391126323592;0;1;0;0
577;0;0,328125;10;-1,2219288428327393;0,3333333333333333;1;0;-1,537430339697441;0;1;0;0
540;1;0,40625;3;1,3690913305930101;0,3333333333333333;1;1;-1,5101451889736401;0;0;1;0
788;0;0,8125;1;-1,2219288428327393;0,3333333333333333;1;1;-0,9968152221675151;0;0;0;1
464;1;0,234375;8;1,371801818092198;0,3333333333333333;1;1;-1,6565460335809021;0;0;1;0
702;1;0,421875;0;0,053641920241829046;0,0;1;1;-1,2428775045909026;0;1;0;0
659;1;0,28125;2;-0,01903192066865608;0,3333333333333333;1;1;0,8736648217911955;0;0;1;0
663;1;0,25;7;-1,2219288428327393;0,3333333333333333;1;1;1,4195680169606337;0;1;0;0
695;1;0,4375;7;-0,4402236481221234;0,0;1;0;0,5941290200946037;0;1;0;0
850;1;0,265625;7;0,5202764673236032;0,0;0;0;0,47834555144084706;0;0;0;1
773;0;0,359375;5;-1,2219288428327393;0,0;1;0;-1,2290895806385616;1;0;0;1
507;1;0,28125;4;0,09705566337085995;0,0;0;0;0,7181903955967432;0;1;0;0
636;0;0,46875;1;1,4751934647920588;0,0;1;0;0,20252231829145995;1;1;0;0
525;1;0,28125;2;0,5878267795572679;0,0;0;1;1,2082959205626567;0;1;0;0
663;0;0,375;5;0,7456702066076317;0,0;1;1;-0,3633063408906106;0;1;0;0
634;1;0,265625;6;0,6137287652052336;0,0;1;0;0,5411699121237895;0;0;1;0
816;1;0,765625;6;1,1756239701299445;0,0;1;1;-0,4536520655155909;0;0;0;1
784;1;0,265625;3;-1,2219288428327393;0,3333333333333333;0;0;-0,3027448923941676;0;0;0;1
580;1;0,296875;9;-1,2219288428327393;0,3333333333333333;0;1;-0,37890024283794627;0;1;0;0
668;0;0,4375;2;-1,2219288428327393;0,6666666666666667;1;0;-0,1710639434197478;1;1;0;0
661;0;0,265625;5;1,157729037371588;0,3333333333333333;0;1;0,25729471520433306;0;0;1;0
577;1;0,109375;3;-1,2219288428327393;0,3333333333333333;0;1;0,4461859137971581;0;1;0;0
730;1;0,6875;2;-1,2219288428327393;0,3333333333333333;1;1;1,5251017119007257;0;0;0;1
726;0;0,203125;9;0,5893053277533243;0,3333333333333333;1;1;-0,012135965088361332;0;1;0;0
606;1;0,34375;5;-1,2219288428327393;0,3333333333333333;1;1;-0,48698719900508197;0;1;0;0
687;1;0,3125;9;0,7132226652030935;0,0;1;1;-1,1012876112921386;0;1;0;0
613;0;0,421875;1;1,74372449895191;0,3333333333333333;1;1;0,8416033597223668;0;1;0;0
675;1;0,28125;9;0,4546098239129118;0,0;0;1;-1,3208694693792782;0;0;0;1
682;1;0,09375;9;-0,3073317678366226;0,3333333333333333;0;0;-0,7962223305881331;0;0;1;0
689;1;0,234375;2;1,3328041424049069;0,3333333333333333;1;0;1,2273015978065607;0;0;1;0
748;0;0,125;1;0,006068033496558239;0,0;0;1;1,4652121742535047;0;1;0;0
650;1;0,671875;1;1,1931447267831587;0,0;0;1;-0,276859788033137;0;0;0;1
646;1;0,265625;6;0,10468901379596711;0,0;0;1;1,1380695741176745;0;1;0;0
646;1;0,4375;1;1,4750843695647788;0,3333333333333333;1;0;-0,9370969695657954;0;0;1;0
601;0;0,390625;8;-1,2219288428327393;0,6666666666666667;0;1;0,20958730420787924;1;1;0;0
703;0;0,515625;3;-1,2219288428327393;0,6666666666666667;1;1;-0,3756642784112522;1;1;0;0
511;0;0,171875;9;-1,2219288428327393;0,3333333333333333;0;1;0,7276345725720148;0;0;0;1
550;0;0,34375;7;0,5835095451289539;0,0;1;0;-0,7808235612993409;0;1;0;0
583;1;0,140625;7;-1,2219288428327393;0,3333333333333333;1;0;-0,828404597353687;0;1;0;0
605;0;0,203125;1;0,6409406829816221;0,0;1;1;1,4747748930133147;0;0;1;0
667;0;0,34375;1;1,091048960872751;0,0;1;0;-1,3875632358309664;0;0;0;1
684;0;0,46875;10;0,7734310738851079;0,0;1;1;1,7277091175365964;0;0;1;0
838;1;0,390625;9;0,7216694144862982;0,3333333333333333;1;0;0,8162162701125343;0;0;0;1
468;0;0,59375;10;-1,2219288428327393;0,6666666666666667;0;1;-0,6374256011635636;1;1;0;0
512;0;0,296875;1;-1,2219288428327393;0,3333333333333333;0;1;0,9961908984098793;0;1;0;0
749;0;0,34375;8;1,016537394281316;0,3333333333333333;0;0;-0,218321034891088;0;0;1;0
702;1;0,296875;10;1,1545756958745421;0,0;1;1;-0,07219156567603771;0;1;0;0
592;1;0,203125;7;0,5158760300229643;0,0;0;0;-0,956592132122656;0;0;0;1
699;1;0,25;4;1,701599216242315;0,3333333333333333;1;0;0,3822358413365163;0;0;1;0
703;1;0,296875;1;1,142518068236612;0,0;1;0;-1,3620356715954025;1;1;0;0
756;1;0,28125;2;0,9381193975761576;0,0;1;1;1,2387910992580913;0;0;1;0
562;1;0,375;2;0,360636363447706;0,0;0;0;-0,21024800863066723;0;1;0;0
716;1;0,375;8;-1,2219288428327393;0,3333333333333333;1;0;1,426063967497233;0;0;0;1
706;1;0,609375;7;-1,2219288428327393;0,0;1;0;-1,4088299104895197;1;0;0;1
686;1;0,25;9;-1,2219288428327393;0,3333333333333333;1;0;0,49947766985938785;0;0;0;1
626;1;0,265625;4;0,16915071541997367;0,0;1;1;-1,1497379537664365;0;0;1;0
589;0;0,671875;1;-1,2219288428327393;0,0;1;0;-0,6574142526472494;1;1;0;0
536;1;0,265625;8;-1,2219288428327393;0,3333333333333333;1;0;-0,5925779889603408;0;1;0;0
584;1;0,15625;10;-1,2219288428327393;0,3333333333333333;1;0;-1,3758756425280334;0;1;0;0
682;0;0,390625;5;0,7650241104156147;0,0;1;1;1,643963437408794;0;1;0;0
664;1;0,625;5;0,33584648602109846;0,0;1;1;-0,661260855223962;0;1;0;0
738;1;0,203125;9;0,02563744379547766;0,0;1;1;-1,397253025813557;0;0;0;1
667;0;0,46875;1;0,31162355643987705;0,3333333333333333;0;0;0,2513749369244505;1;0;1;0
671;1;0,265625;1;1,064946151593671;0,0;1;1;1,3949381325824377;0;0;1;0
555;1;0,515625;5;-1,2219288428327393;0,6666666666666667;1;0;1,5709333427647396;1;1;0;0
681;0;0,953125;0;-1,2219288428327393;0,3333333333333333;0;1;1,2549281001301864;0;1;0;0
711;1;0,3125;3;-1,2219288428327393;0,3333333333333333;1;0;-0,5289687458890194;0;1;0;0
487;0;0,671875;5;0,520563967191731;0,0;0;0;-1,5229626717383091;1;0;1;0
754;1;0,328125;6;1,4649554066105674;0,3333333333333333;1;0;-0,1615806006566335;0;0;0;1
732;1;0,359375;8;-1,2219288428327393;0,3333333333333333;1;1;1,2534864509972186;0;1;0;0
584;0;0,1875;8;0,5465475769098901;0,0;1;0;1,373348731832056;1;0;1;0
616;0;0,28125;6;0,8670112547393819;0,0;0;0;-1,4519700684129448;0;0;0;1
707;1;0,1875;8;-1,2219288428327393;0,3333333333333333;1;0;-1,1439262730610014;0;1;0;0
673;1;0,84375;1;-1,2219288428327393;0,3333333333333333;0;1;0,2281264734010282;0;1;0;0
515;1;0,265625;10;1,5610880368706765;0,0;0;1;0,3899523718924794;0;0;0;1
661;1;0,46875;3;0,6776944071995542;0,0;0;0;-0,041994569178716745;0;1;0;0
660;1;0,265625;8;-0,29609669610915207;0,0;0;1;1,7371910677383653;0;0;1;0
578;1;0,3125;7;0,07678258096197556;0,0;1;0;-1,5645215762538756;0;1;0;0
799;0;0,0625;8;1,5281231220076787;0,3333333333333333;0;1;1,6320486825363703;0;1;0;0
747;0;0,359375;5;0,2703734037517169;0,3333333333333333;1;0;1,671963146173024;0;0;0;1
683;0;0,609375;5;1,3428145373190499;0,0;0;0;-1,5606083048027453;1;0;1;0
564;1;0,359375;9;0,4124905406514158;0,3333333333333333;1;1;-1,1234061853538249;0;0;1;0
850;1;0,34375;9;-1,2219288428327393;0,3333333333333333;0;1;0,3543471893395929;0;1;0;0
525;0;0,296875;0;-1,2219288428327393;0,0;0;1;0,5682688077676247;0;0;0;1
745;1;0,421875;10;0,6289266302825188;0,6666666666666667;1;1;0,4091564891281227;1;0;1;0
561;1;0,15625;7;-1,2219288428327393;0,3333333333333333;1;0;-1,5854093001562746;0;1;0;0
586;0;0,390625;8;0,8709037913943495;0,0;1;0;-0,5540466868801422;1;1;0;0
714;1;0,4375;1;-1,2219288428327393;0,0;1;0;0,9276552955085487;1;1;0;0
696;1;0,171875;8;-1,2219288428327393;0,3333333333333333;1;0;1,6064993595297825;0;1;0;0
619;0;0,3125;3;-1,2219288428327393;0,3333333333333333;0;1;0,30621713597476863;0;1;0;0
514;1;0,21875;8;-1,2219288428327393;0,3333333333333333;1;0;-0,05254443986234537;0;1;0;0
520;0;0,375;6;-1,2219288428327393;0,3333333333333333;1;1;-1,1221469617571218;0;0;0;1
777;0;0,21875;2;-1,2219288428327393;0,0;1;0;0,6541980240852309;1;1;0;0
642;1;0,3125;3;-1,2219288428327393;0,3333333333333333;0;0;1,2635417883330122;0;1;0;0
639;1;0,140625;8;-1,2219288428327393;0,3333333333333333;1;0;1,6253208705357394;0;1;0;0
497;1;0,09375;3;-1,2219288428327393;0,3333333333333333;1;0;-0,3914097954750834;0;0;0;1
660;0;0,671875;5;1,239914845363333;0,0;1;1;1,0350670334932668;0;0;0;1
729;1;0,1875;9;-1,2219288428327393;0,3333333333333333;1;0;0,9224603454090189;0;1;0;0
562;0;0,265625;5;-1,2219288428327393;0,3333333333333333;1;0;0,3659609768912126;0;0;0;1
804;1;0,234375;7;-0,01337791447568534;0,0;0;1;-0,007351124305092573;0;0;0;1
594;1;0,140625;0;1,8889712953166837;0,0;0;0;0,9232112841146001;0;1;0;0
614;1;0,328125;4;-0,5795786706929376;0,0;1;1;-0,9069138986819296;0;1;0;0
556;0;0,671875;2;0,6318903576435835;0,0;1;1;-0,08219468196137437;0;1;0;0
850;0;0,46875;6;0,5457452296667126;0,0;1;0;0,22420310588014278;0;0;1;0
556;0;0,328125;9;0,19249393645357912;0,0;1;1;-0,06923916155332872;0;1;0;0
651;1;0,421875;1;-1,2219288428327393;0,0;1;0;-0,5419792724702136;1;1;0;0
676;0;0,25;1;-0,22578348014553665;0,0;1;1;-1,013609686064873;0;1;0;0
535;0;0,46875;9;-1,2219288428327393;0,0;1;0;0,8880543322448089;1;1;0;0
460;1;0,4375;4;0,7919906823407836;0,3333333333333333;1;1;0,48873231837687936;0;0;1;0
566;1;0,1875;5;-1,2219288428327393;0,0;1;0;-0,7650253009745475;1;1;0;0
549;0;0,53125;1;-1,2219288428327393;0,0;0;1;-1,5708041167642708;1;1;0;0
650;1;0,65625;8;-1,2219288428327393;0,3333333333333333;1;1;0,07049845108570146;0;1;0;0
547;0;0,1875;9;-0,07899593078072954;0,0;1;0;-0,37944891200808833;0;0;1;0
413;1;0,25;9;-1,2219288428327393;0,3333333333333333;0;0;-1,6073914032060979;0;1;0;0
709;1;0,15625;8;0,7467698422921519;0,3333333333333333;1;0;0,8072607080993791;0;0;1;0
686;1;0,109375;1;-1,2219288428327393;0,3333333333333333;0;1;-1,4346234539420812;0;1;0;0
686;0;0,25;3;0,7353359993763381;0,3333333333333333;1;0;0,851531625835381;0;1;0;0
846;0;0,328125;5;-1,2219288428327393;0,0;1;1;1,5447056683127065;0;1;0;0
535;0;0,34375;8;-1,2219288428327393;0,0;1;1;-1,2391356922554417;0;1;0;0
689;0;0,3125;6;0,6887540740102263;0,0;1;1;-1,5090770944216123;0;0;0;1
769;0;0,328125;8;-1,2219288428327393;0,0;0;1;-1,35530611889309;0;1;0;0
850;1;0,59375;7;0,8513143303083615;0,0;1;1;0,3533570782229153;0;1;0;0
544;0;0,046875;10;1,3282464564119802;0,3333333333333333;1;0;-1,5598947911833252;0;1;0;0
512;1;0,234375;3;1,5672875192000457;0,0;1;0;-0,07319629868684348;0;0;0;1
802;1;0,203125;1;0,7517904330700047;0,0;1;1;1,5454355445279366;0;0;1;0
509;0;0,4375;1;-1,2219288428327393;0,0;1;0;-0,48097620795706686;1;1;0;0
673;0;0,296875;8;-1,2219288428327393;0,3333333333333333;1;1;1,469901276444268;0;0;0;1
556;1;0,3125;8;-1,2219288428327393;0,3333333333333333;0;0;-1,713866121475437;1;0;0;1
629;0;0,421875;7;0,8276466654367532;0,6666666666666667;1;0;-1,5606819364838906;1;0;1;0
680;0;0,453125;5;-1,2219288428327393;0,3333333333333333;1;1;1,4094038857697193;0;1;0;0
687;0;0,40625;7;-1,2219288428327393;0,6666666666666667;1;0;0,9918128596096755;1;0;0;1
750;0;0,21875;5;-1,2219288428327393;0,3333333333333333;1;0;-0,05682151796499733;0;1;0;0
732;1;0,375;9;0,49498816206411267;0,3333333333333333;1;1;-0,5840515099117791;0;0;1;0
727;0;0,203125;5;-1,2219288428327393;0,0;1;0;0,39819041667234634;1;0;0;1
850;1;0,1875;2;1,0048138411743903;0,0;1;1;-1,6170693564172516;0;0;0;1
773;1;0,359375;9;0,4015129715515768;0,0;0;1;-0,5967213811738211;0;0;0;1
642;1;0,21875;7;0,3637221322135278;0,0;1;1;-1,0288794693590346;0;0;0;1
675;0;0,171875;8;0,6935752620788832;0,0;1;0;0,6019653109262828;0;0;1;0
480;1;0,40625;10;0,8243340228046493;0,0;1;0;-1,6258686034193703;1;0;1;0
713;0;0,3125;7;1,0611172406645992;0,0;1;1;-0,7359930079726008;1;0;1;0
652;0;0,96875;4;-1,2219288428327393;0,3333333333333333;1;1;1,5618848272817691;0;1;0;0
761;1;0,203125;7;-1,2219288428327393;0,6666666666666667;1;1;1,1805860386284666;0;1;0;0
717;1;0,546875;6;-1,2219288428327393;0,3333333333333333;0;1;-0,021948300469359413;0;1;0;0
687;0;0,328125;2;-1,2219288428327393;0,6666666666666667;0;0;1,5540086743815738;1;0;0;1
499;0;0,609375;1;-1,2219288428327393;0,0;0;0;0,5656692438758415;1;1;0;0
671;0;0,40625;0;0,11602749706304429;0,3333333333333333;0;1;-1,117561431316433;0;0;1;0
610;1;0,34375;0;-1,2219288428327393;0,3333333333333333;1;0;-0,6378480694617663;0;1;0;0
624;0;0,46875;3;0,7103415091935014;0,3333333333333333;0;0;-1,1985717728212624;0;0;1;0
635;0;0,171875;8;0,9615061935485893;0,3333333333333333;1;0;0,734571790984981;0;0;0;1
567;0;0,484375;5;0,9087596773802119;0,0;1;0;-0,08567591125505153;1;0;1;0
636;1;0,375;2;-1,2219288428327393;0,3333333333333333;1;1;-0,7555511839303471;0;1;0;0
574;0;0,234375;3;0,8991692438330213;0,0;1;0;-0,6216353480665071;0;1;0;0
789;1;0,328125;7;0,7488655442413727;0,3333333333333333;1;1;0,44449377769216125;0;0;1;0
684;0;0,46875;3;-0,06451878887642862;0,0;0;0;-1,3516099129416954;1;1;0;0
550;1;0,3125;2;0,4104164682913954;0,0;0;1;-0,13921484695611397;0;0;1;0
747;1;0,625;7;0,6144322794349857;0,0;1;1;1,5983225874491191;1;0;1;0
664;1;0,125;7;0,6133361171151545;0,3333333333333333;1;1;-0,06493893211830716;0;0;1;0
608;0;0,359375;3;0,19526457631397326;0,0;0;0;1,7481689769655786;1;0;0;1
652;0;0,890625;10;-1,2219288428327393;0,3333333333333333;1;1;0,2750307246414426;0;0;0;1
660;0;0,328125;5;0,9115852595547789;0,0;1;0;1,302170917847735;1;0;1;0
848;1;0,34375;3;0,5294357300087086;0,0;1;1;-1,1836583111613903;0;0;0;1
593;1;0,265625;9;0,5809564642022668;0,0;1;0;-0,4825513689090385;0;1;0;0
685;1;0,078125;8;-1,2219288428327393;0,3333333333333333;1;1;0,23261469861769746;0;1;0;0
685;1;0,234375;6;1,5395969086174168;0,0;1;1;-0,9563975216746171;0;1;0;0
524;0;0,328125;10;-1,2219288428327393;0,3333333333333333;1;0;0,18693067925631088;0;1;0;0
506;0;0,25;4;0,20384978654410155;0,0;1;1;1,0506793868784308;0;1;0;0
627;0;0,1875;4;0,03907652329838291;0,3333333333333333;1;0;0,5387668734518953;0;0;1;0
704;1;0,46875;8;1,4304208466685318;0,0;1;1;1,298958452893747;0;0;0;1
674;1;0,328125;6;0,6756874339301183;0,0;0;0;0,02184914640915958;0;0;0;1
749;0;0,65625;6;-1,2219288428327393;0,0;1;0;-1,4081767992184622;1;1;0;0
714;0;0,203125;4;0,7542461019051846;0,0;1;1;0,13509815341403691;0;1;0;0
511;0;0,328125;4;-1,2219288428327393;0,0;1;0;-1,6925303409601113;1;0;0;1
594;1;0,265625;2;-1,2219288428327393;0,3333333333333333;1;0;0,08015812692919486;0;1;0;0
726;0;0,46875;6;0,3553922142880469;0,0;1;0;-0,601456263818819;0;0;0;1
523;0;0,34375;2;0,4037228208948977;0,0;1;0;0,5191876350037978;1;1;0;0
715;0;0,3125;5;0,6503790778835592;0,0;1;1;-1,6221875415726086;1;1;0;0
778;0;0,453125;6;0,7878758503457152;0,3333333333333333;1;0;0,44943580383730786;0;0;0;1
834;0;0,484375;2;0,8525312709912446;0,0;0;0;1,6621960690357567;1;1;0;0
427;1;0,171875;1;1,0093221106606036;0,0;1;1;-0,08766971096152561;0;1;0;0
594;0;0,09375;0;0,31548562221370824;0,0;1;1;-0,4781809891962355;0;0;0;1
642;0;0,34375;6;0,8226592295036599;0,3333333333333333;0;1;-0,2224012396335148;1;0;1;0
777;0;0,546875;10;-1,2219288428327393;0,3333333333333333;1;0;1,5860788399588117;0;1;0;0
700;0;1,0;2;-1,2219288428327393;0,3333333333333333;0;1;1,4479087291843524;0;1;0;0
765;1;0,28125;8;0,23547193019434345;0,3333333333333333;1;1;-0,4517329419112712;0;0;1;0
850;0;0,8125;5;-1,2219288428327393;0,0;1;1;-1,7088569042453683;0;0;0;1
648;0;0,546875;6;0,5337213883943945;0,0;1;1;0,39455670191133285;0;0;0;1
601;1;0,375;1;0,33312368386528574;0,0;1;0;-1,0245943840286456;1;0;1;0
775;1;0,53125;8;0,5135316667380481;0,0;1;1;-0,0357268246326178;1;1;0;0
795;0;0,234375;9;0,8441299912094243;0,0;1;1;0,2795471492253592;0;0;1;0
516;0;0,234375;3;-1,2219288428327393;0,3333333333333333;1;1;-0,6995909321897302;0;0;0;1
411;1;0,171875;0;-0,2794286504871071;0,3333333333333333;1;1;-0,7901488483497369;0;1;0;0
730;0;0,328125;1;0,3412537254409313;0,0;1;0;1,6722928350715802;0;1;0;0
577;1;0,375;9;-1,2219288428327393;0,0;1;0;-0,4316565590628164;0;1;0;0
850;0;0,21875;9;-1,2219288428327393;0,3333333333333333;1;1;-1,3917055836234378;0;0;0;1
707;1;0,625;6;0,1940343736931862;0,0;0;1;0,4803531026906085;0;1;0;0
661;1;0,375;2;1,6012994956365885;0,0;0;0;-1,210086862587517;1;0;0;1
614;0;0,390625;6;-1,2219288428327393;0,3333333333333333;1;1;0,1769557623382213;0;1;0;0
634;1;0,09375;8;0,40578221039509627;0,0;1;1;1,0218185529921535;0;0;1;0
694;1;0,28125;3;0,31788082292725567;0,0;1;1;0,31793310271511704;0;1;0;0
685;0;0,109375;10;0,8069839346618394;0,0;1;0;0,3949055385283903;0;0;0;1
417;1;0,25;7;-1,2219288428327393;0,3333333333333333;1;0;-0,7636800867147576;0;1;0;0
652;1;0,3125;6;-1,2219288428327393;0,3333333333333333;1;1;0,8150741957390251;0;1;0;0
620;1;0,375;4;-1,2219288428327393;0,3333333333333333;1;0;-1,6126460593733178;0;1;0;0
791;0;0,265625;7;-0,39406499960744;0,0;1;0;1,0822985366498825;0;0;1;0
750;0;0,25;9;0,5593114027411954;0,0;0;0;0,8969099779814219;1;0;0;1
568;1;0,34375;1;0,3455474357174875;0,0;0;0;0,6218688420977228;1;0;1;0
729;1;0,40625;5;-1,2219288428327393;0,3333333333333333;0;1;-1,5609780298399858;0;1;0;0
754;0;0,21875;7;-1,2219288428327393;0,3333333333333333;1;0;-0,1628427834461955;0;0;0;1
640;0;0,375;5;1,5583279749845627;0,0;1;1;-1,5748307078948942;0;1;0;0
628;1;0,796875;5;-1,2219288428327393;0,3333333333333333;1;1;1,44632886833784;0;1;0;0
563;0;0,25;6;0,9853997850052008;0,0;1;1;0,9320070497133554;0;1;0;0
850;0;0,421875;2;0,7091231475886999;0,0;1;1;-1,3819997791853733;0;0;0;1
665;0;0,34375;6;-1,2219288428327393;0,0;1;1;1,096159396002696;0;1;0;0
667;1;0,390625;8;1,7813863501558238;0,0;1;0;-0,02380789207615739;1;1;0;0
506;1;0,28125;5;-1,2219288428327393;0,3333333333333333;1;0;1,1380288416983175;0;1;0;0
516;1;0,265625;10;0,42142403463173095;0,3333333333333333;0;0;0,36189609032358677;0;1;0;0
741;1;0,328125;7;1,0458243316990037;0,3333333333333333;0;1;1,3116518236284949;0;0;0;1
621;0;0,390625;5;-1,2219288428327393;0,0;1;1;-0,8929331049832316;0;1;0;0
710;0;0,140625;2;0,9138424729620419;0,0;1;0;0,7541484183805555;0;0;0;1
506;0;0,359375;1;-1,2219288428327393;0,3333333333333333;1;0;-1,168175465981361;0;1;0;0
738;1;0,265625;3;-1,2219288428327393;0,0;1;1;-1,4486994640227804;0;0;0;1
714;1;0,375;2;1,5826566843085879;0,0;0;1;-0,9001030552110709;0;0;1;0
604;0;0,109375;5;1,2691184220284832;0,3333333333333333;1;1;-0,7040955200022097;0;0;1;0
523;1;0,21875;4;-1,2219288428327393;0,3333333333333333;1;0;1,2006013228478856;0;0;0;1
587;1;0,3125;5;-1,2219288428327393;0,3333333333333333;1;0;-0,8957930778466305;0;1;0;0
769;0;0,421875;5;0,7780157573944811;0,0;1;0;0,43940448818472416;1;0;1;0
598;1;0,71875;1;-1,2219288428327393;0,3333333333333333;1;0;1,684294973168437;1;1;0;0
614;0;0,265625;6;0,8005211081369523;0,0;0;0;-0,5121408605193686;1;0;1;0
606;1;0,28125;5;1,7853652472873789;0,3333333333333333;0;0;1,4008493814240792;0;0;1;0
646;0;0,4375;4;-1,2219288428327393;0,6666666666666667;1;0;-0,09790294800921245;1;1;0;0
584;0;0,171875;7;0,4390343093657956;0,0;0;1;0,6895662971392076;0;0;1;0
531;0;0,453125;6;-1,2219288428327393;0,0;0;0;1,6732073997352626;1;1;0;0
786;1;0,25;9;-1,2219288428327393;0,3333333333333333;1;0;0,7944811726313759;0;1;0;0
429;1;0,09375;4;0,28964394680716216;0,0;1;0;-0,9174369625596566;0;1;0;0
751;1;0,53125;8;-1,2219288428327393;0,3333333333333333;0;1;1,3998042641342527;0;0;0;1
698;0;0,515625;2;0,5308411796660809;0,0;1;0;-0,2169867870518944;0;0;1;0
658;1;0,171875;4;0,04525879668452004;0,0;1;1;-1,3623242799342656;0;1;0;0
813;1;0,171875;6;-1,2219288428327393;0,0;1;0;-1,1300963981981262;0;1;0;0
699;1;0,265625;5;-1,2219288428327393;0,3333333333333333;1;1;-0,35646990910502757;0;1;0;0
700;0;0,125;2;-1,2219288428327393;0,3333333333333333;0;0;-0,8498860745997896;0;1;0;0
710;1;0,390625;2;0,9896622349995553;0,6666666666666667;1;1;1,0275785348576354;1;0;1;0
775;1;0,171875;10;-1,2219288428327393;0,3333333333333333;1;1;-0,5349494487277693;0;0;0;1
738;1;0,390625;9;0,6908223048023606;0,3333333333333333;1;0;-0,6041811582317007;1;0;1;0
684;1;0,140625;2;0,9032000835546993;0,0;1;1;-0,47260099588466437;0;1;0;0
640;1;0,78125;9;-1,2219288428327393;0,3333333333333333;1;1;1,7514526366183578;0;1;0;0
701;0;0,375;5;-1,2219288428327393;0,3333333333333333;0;0;-1,2996983592430622;0;0;0;1
767;1;0,28125;3;0,9754511212543954;0,0;0;0;0,4352525665330022;0;1;0;0
505;1;0,484375;7;0,04113228155367905;0,0;0;0;0,6319504640289139;0;1;0;0
807;1;0,328125;3;1,5376617708449594;0,0;1;1;-1,7106815077483595;0;1;0;0
785;0;0,28125;4;0,9163755031016605;0,0;0;0;1,5971155849028742;0;1;0;0
737;1;0,203125;5;0,6914565096185441;0,3333333333333333;1;1;-0,4175103987043358;0;0;1;0
796;0;0,421875;2;0,5104942093174472;0,0;1;1;0,43529678035572295;0;1;0;0
